{
  "scene_id": "my_room",
  "units": "meters",
  "room_polygon": [
    [
      -1.4002888202667236,
      -2.4596076011657715
    ],
    [
      -3.1949398517608643,
      -0.8006904125213623
    ],
    [
      -3.356208562850952,
      0.077329620718956
    ],
    [
      -3.3563544750213623,
      2.2706518173217773
    ],
    [
      -3.043710947036743,
      2.3572041988372803
    ],
    [
      2.6704585552215576,
      2.353487491607666
    ],
    [
      2.825502872467041,
      2.1677582263946533
    ],
    [
      3.022085666656494,
      0.6404138207435608
    ],
    [
      3.022411346435547,
      -2.2637722492218018
    ],
    [
      2.924271821975708,
      -2.4431567192077637
    ]
  ],
  "room_bbox": {
    "min_x": -3.3563544750213623,
    "min_y": -2.4596076011657715,
    "max_x": 3.022411346435547,
    "max_y": 2.3572041988372803,
    "width": 6.378765821456909,
    "height": 4.816811800003052
  },
  "objects": [
    {
      "id": 1,
      "object_id": 1,
      "label": "shelf_or_cabinet",
      "raw_label": "shelf_or_cabinet",
      "cx": -0.170494943857193,
      "cy": 0.13469327986240387,
      "width": 7.596660842895508,
      "depth": 5.878359069824219,
      "theta": 2.9071756284084214,
      "z_min": 0.10356970876455307,
      "z_max": 2.187072992324829,
      "height": 2.083503283560276,
      "point_count": 236587,
      "footprint": [
        [
          4.206651677617673,
          2.1112250360082045
        ],
        [
          -3.1822398657385325,
          3.875746988974798
        ],
        [
          -4.547641565332059,
          -1.8418384762833968
        ],
        [
          2.8412499780241465,
          -3.6063604292499902
        ]
      ],
      "bbox3d_center": [
        0.03995256498456001,
        0.29752999544143677,
        1.4172205924987793
      ],
      "bbox3d_size": [
        6.51240348815918,
        4.83881950378418,
        2.1246042251586914
      ]
    },
    {
      "id": 3,
      "object_id": 3,
      "label": "small_furniture",
      "raw_label": "small_furniture",
      "cx": -1.6830642223358154,
      "cy": 1.888502836227417,
      "width": 0.601388236284256,
      "depth": 0.5651535296440124,
      "theta": 0.8822867461061737,
      "z_min": 2.1606948375701904,
      "z_max": 2.1986076831817627,
      "height": 0.037912845611572266,
      "point_count": 356,
      "footprint": [
        [
          -1.6559173104026628,
          1.4767630811939285
        ],
        [
          -1.273803045696285,
          1.9411513879470081
        ],
        [
          -1.710211134268968,
          2.3002425912609055
        ],
        [
          -2.092325398975346,
          1.8358542845078258
        ]
      ],
      "bbox3d_center": [
        -1.6796482801437378,
        1.8765588998794556,
        2.185023784637451
      ],
      "bbox3d_size": [
        0.2941720485687256,
        0.3241562843322754,
        0.04011726379394531
      ]
    },
    {
      "id": 5,
      "object_id": 5,
      "label": "chair_or_small_furniture",
      "raw_label": "chair_or_small_furniture",
      "cx": -2.524911403656006,
      "cy": 4.9113311767578125,
      "width": 0.655252149105072,
      "depth": 0.4517951810359955,
      "theta": 1.3304614467021258,
      "z_min": 0.9188587665557861,
      "z_max": 2.195974349975586,
      "height": 1.2771155834197998,
      "point_count": 334,
      "footprint": [
        [
          -2.383490634555495,
          4.539351698566393
        ],
        [
          -2.227522344912242,
          5.175770799106732
        ],
        [
          -2.666332172756517,
          5.283310654949232
        ],
        [
          -2.82230046239977,
          4.646891554408893
        ]
      ],
      "bbox3d_center": [
        -2.4976143836975098,
        4.943619251251221,
        1.4741536378860474
      ],
      "bbox3d_size": [
        0.2107400894165039,
        0.4110245704650879,
        1.2910009622573853
      ]
    },
    {
      "id": 2,
      "object_id": 2,
      "label": "small_furniture",
      "raw_label": "small_furniture",
      "cx": 0.6550835967063904,
      "cy": 0.7737857103347778,
      "width": 0.6862439715862274,
      "depth": 0.3902040922641754,
      "theta": 2.4614091679916013,
      "z_min": 1.8952250480651855,
      "z_max": 2.188086986541748,
      "height": 0.2928619384765625,
      "point_count": 1426,
      "footprint": [
        [
          1.0445529394422173,
          0.7096675646312403
        ],
        [
          0.5110275327419576,
          1.1412708882326248
        ],
        [
          0.2656142539705636,
          0.8379038560383154
        ],
        [
          0.7991396606708232,
          0.4063005324369309
        ]
      ],
      "bbox3d_center": [
        0.6443442702293396,
        0.7788329124450684,
        2.044342041015625
      ],
      "bbox3d_size": [
        0.3833065927028656,
        0.28230375051498413,
        0.3027538061141968
      ]
    },
    {
      "id": 4,
      "object_id": 4,
      "label": "small_furniture",
      "raw_label": "small_furniture",
      "cx": -2.7123682498931885,
      "cy": 4.2242560386657715,
      "width": 0.6165900135040283,
      "depth": 0.27292762860655784,
      "theta": 1.3601895053817605,
      "z_min": 1.9133890867233276,
      "z_max": 2.1835556030273438,
      "height": 0.2701665163040161,
      "point_count": 356,
      "footprint": [
        [
          -2.6433698121473843,
          3.894244827657626
        ],
        [
          -2.5144696033040606,
          4.4972108141884135
        ],
        [
          -2.7813666876389926,
          4.5542672496739165
        ],
        [
          -2.9102668964823164,
          3.95130126314313
        ]
      ],
      "bbox3d_center": [
        -2.718721628189087,
        4.184867858886719,
        2.0651695728302
      ],
      "bbox3d_size": [
        0.08499479293823242,
        0.3678727149963379,
        0.2706725597381592
      ]
    }
  ],
  "metadata": {
    "source": "user_ply_geometry_pseudo_scannet_v2",
    "input_ply": "data\\user_scans\\room_a.ply",
    "axis_alignment_estimated": true,
    "axis_alignment_matrix": [
      0.9603014588356018,
      0.27896323800086975,
      0.0008215484558604658,
      0.0,
      0.27896323800086975,
      -0.960284411907196,
      -0.005773049779236317,
      0.0,
      -0.0008215484558604658,
      0.005773049779236317,
      -0.999983012676239,
      2.685354232788086,
      0.0,
      0.0,
      0.0,
      1.0
    ],
    "alignment": {
      "raw_floor_plane_normal": [
        -0.0008215484558604658,
        0.005773049779236317,
        -0.999983012676239
      ],
      "raw_floor_plane_d": 2.6853880882263184,
      "floor_inliers_sample": 5997,
      "floor_inlier_ratio_sample": 0.09995,
      "up_axis_requested": "z",
      "floor_z_translation_after_rotation": 2.6853542747052996
    },
    "proposal_mode": "xy_occupancy_high_recall",
    "wall_removal": "hard",
    "floor_height_threshold": 0.06,
    "object_min_z": 0.06,
    "object_max_z": 2.2,
    "occupancy_resolution": 0.08,
    "xy_close_iters": 0,
    "xy_dilate_iters": 0,
    "min_component_cells": 3,
    "min_object_points": 10,
    "min_object_height": 0.03,
    "max_object_height": 2.6,
    "min_box_area": 0.005,
    "box_padding": 0.12,
    "room_source_requested": "full",
    "room_source_used": "full_trimmed_convex_hull",
    "raw_vertex_count": 577176,
    "floor_vertex_count": 70720,
    "detected_wall_vertex_count": 129413,
    "wall_removed_candidate_vertex_count": 129413,
    "object_candidate_vertex_count": 239077,
    "candidate_vertex_ratio": 0.41421853992543,
    "component_count_before_filters": 6,
    "object_count": 5,
    "filter_outside_room": false,
    "labeling_method": "geometry-only high-recall proposals; replace with ML instance segmentation for robust labels"
  }
}